"","id","name","type","lon","lat"
"1","node/258370545","Балтийский банк","atm",33.1068493,68.9692898
"2","node/305880723","Петербургский городской банк","atm",30.333595,59.936015
"3","node/311101163","Сбербанк","atm",30.514585,60.572668
"4","node/322526238","РайффайзенБанк","atm",30.3364307,60.0534399
"5","node/322527203","БинБанк","atm",37.656174,55.744753
"6","node/339394774","Сбербанк","atm",30.514585,60.572668
"7","node/440732614","Сбербанк","atm",30.514585,60.572668
"8","node/845370783","Сбербанк","atm",30.514585,60.572668
"9","node/867559361","Альфа-Банк","atm",20.5081036,54.7116982
"10","node/867559362","Сбербанк","atm",30.514585,60.572668
"11","node/970695773","Сбербанк","atm",30.514585,60.572668
"12","node/970695842","Открытие","atm",30.2668474,59.9366411
"13","node/979036818","Альфа-банк","atm",20.5081036,54.7116982
"14","node/984971093","Альфа-Банк","atm",20.5081036,54.7116982
"15","node/991346721","Сбербанк","atm",30.514585,60.572668
"16","node/992454507","Альфа-Банк","atm",20.5081036,54.7116982
"17","node/993446652","Citibank","atm",-73.79308,40.71043
"18","node/1069041478","ВТБ24","atm",30.3790373,60.0443916
"19","node/1069054736","Балтийский Банк","atm",33.1068493,68.9692898
"20","node/1288674988","Транскапиталбанк","atm",30.326072,60.0101355
"21","node/1288959479","ВТБ 24","atm",30.3790373,60.0443916
"22","node/1288959495","банк санкт-петербург","atm",29.7035031,60.2059428
"23","node/1293163559","Сбербанк","atm",30.514585,60.572668
"24","node/1293163569","Балтийский банк","atm",33.1068493,68.9692898
"25","node/2130412353","Сбербанк","atm",30.514585,60.572668
"26","node/2153517558","Сбербанк","atm",30.514585,60.572668
"27","node/2197278598","ВТБ 24","atm",30.3790373,60.0443916
"28","node/2302485980","Приватбанк","atm",24.4372308,51.4399951
"29","node/2304931924","Сбербанк","atm",30.514585,60.572668
"30","node/2318678142","Сбербанк","atm",30.514585,60.572668
"31","node/2349394946","Сбербанк","atm",30.514585,60.572668
"32","node/2464150410","Сбербанк","atm",30.514585,60.572668
"33","node/2486916374","СГБ","atm",40.5292158,64.5406914
"34","node/2514544187","Сбербанк","atm",30.514585,60.572668
"35","node/2606286189","Сбербанк","atm",30.514585,60.572668
"36","node/2625726744","ЮниКредит Банк","atm",-73.975582,40.750784
"37","node/2625734987","ЮниКредит Банк","atm",-73.975582,40.750784
"38","node/2629468241","ЮниКредит Банк","atm",-73.975582,40.750784
"39","node/2629471783","ЮниКредит Банк","atm",-73.975582,40.750784
"40","node/2629471784","ЮниКредит Банк","atm",-73.975582,40.750784
"41","node/2629478869","ЮниКредит Банк","atm",-73.975582,40.750784
"42","node/2629484329","ЮниКредит Банк","atm",-73.975582,40.750784
"43","node/2629485089","ЮниКредит Банк","atm",-73.975582,40.750784
"44","node/2629485090","ЮниКредит Банк","atm",-73.975582,40.750784
"45","node/2629486786","ЮниКредит Банк","atm",-73.975582,40.750784
"46","node/2629488574","ЮниКредит Банк","atm",-73.975582,40.750784
"47","node/2629504629","ЮниКредит Банк","atm",-73.975582,40.750784
"48","node/2629523317","ЮниКредит Банк","atm",-73.975582,40.750784
"49","node/2629526006","ЮниКредит Банк","atm",-73.975582,40.750784
"50","node/2629529976","ЮниКредит Банк","atm",-73.975582,40.750784
"51","node/2629529977","ЮниКредит Банк","atm",-73.975582,40.750784
"52","node/2629588873","ЮниКредит","atm",37.6132557,55.7731021
"53","node/2629588888","ЮниКредит Банк","atm",-73.975582,40.750784
"54","node/2629591020","ЮниКредит Банк","atm",-73.975582,40.750784
"55","node/2629598567","ЮниКредит Банк","atm",-73.975582,40.750784
"56","node/2629598569","ЮниКредит Банк","atm",-73.975582,40.750784
"57","node/2629600586","ЮниКредит","atm",37.6132557,55.7731021
"58","node/2630814752","ЮниКредит Банк","atm",-73.975582,40.750784
"59","node/2630814753","ЮниКредит Банк","atm",-73.975582,40.750784
"60","node/2630820350","ЮниКредит Банк","atm",-73.975582,40.750784
"61","node/2630820360","ЮниКредит Банк","atm",-73.975582,40.750784
"62","node/2630824473","ЮниКредит Банк","atm",-73.975582,40.750784
"63","node/2630824474","ЮниКредит Банк","atm",-73.975582,40.750784
"64","node/2630828596","ЮниКредит Банк","atm",-73.975582,40.750784
"65","node/2630830872","ЮниКредит Банк","atm",-73.975582,40.750784
"66","node/2630856777","ЮниКредит Банк","atm",-73.975582,40.750784
"67","node/2630891542","ЮниКредит Банк","atm",-73.975582,40.750784
"68","node/2753901867","ЮниКредит Банк","atm",-73.975582,40.750784
"69","node/2753901873","ЮниКредит Банк","atm",-73.975582,40.750784
"70","node/2753984836","ЮниКредит Банк","atm",-73.975582,40.750784
"71","node/2753984841","ЮниКредит Банк","atm",-73.975582,40.750784
"72","node/2986619786","Уралсиб","atm",33.9,58.4
"73","node/3163681659","Сбербанк","atm",30.514585,60.572668
"74","node/3163685884","Сбербанк","atm",30.514585,60.572668
"75","node/3175490435","Балтийский банк","atm",33.1068493,68.9692898
"76","node/3175490439","Райффайзен Банк","atm",16.383772,48.20482
"77","node/3175490440","Сбербанк","atm",30.514585,60.572668
"78","node/3175490441","Сбербанк","atm",30.514585,60.572668
"79","node/3213839493","Ситибанк","atm",30.3295662,59.9367677
"80","node/3214066238","Балтийский банк","atm",33.1068493,68.9692898
"81","node/3214066240","Сбербанк","atm",30.514585,60.572668
"82","node/3246207865","Балтийский банк","atm",33.1068493,68.9692898
"83","node/3246207866","ВТБ24","atm",30.3790373,60.0443916
"84","node/3246207868","Санкт-Петербург","atm",30.3350986,59.9342802
"85","node/3320458082","ЮниКредит Банк","atm",-73.975582,40.750784
"86","node/3320458083","ЮниКредит Банк","atm",-73.975582,40.750784
"87","node/3493599137","Сбербанк","atm",30.514585,60.572668
"88","node/3524127474","ГазпромБанк","atm",8.5624654,47.3527667
"89","node/3560914192","ЮниКредит Банк","atm",-73.975582,40.750784
"90","node/3561971517","АК Барс","atm",43.4750664,56.2383997
"91","node/3561971521","Сбербанк","atm",30.514585,60.572668
"92","node/3587591447","ЮниКредит Банк","atm",-73.975582,40.750784
"93","node/3676707162","Сбербанк","atm",30.514585,60.572668
"94","node/3733742664","Промсвязьбанк","atm",20.5020479,54.713866
"95","node/3733742665","Санкт-Петербург","atm",30.3350986,59.9342802
"96","node/3733742666","Сбербанк","atm",30.514585,60.572668
"97","node/3735086126","ВТБ24","atm",30.3790373,60.0443916
"98","node/3736968721","Банк Санкт-Петербург","atm",29.7035031,60.2059428
"99","node/3784522987","Сбербанк","atm",30.514585,60.572668
"100","node/3798392660","Сбербанк","atm",30.514585,60.572668
"101","node/3868256010","Московский индустриальный банк","atm",30.3183422,59.8850856
"102","node/3927654622","Кредит Европа Банк","atm",39.8784848,57.6256477
"103","node/3927654626","Сбербанк","atm",30.514585,60.572668
"104","node/3927654627","Сбербанк","atm",30.514585,60.572668
"105","node/3927654628","Сбербанк","atm",30.514585,60.572668
"106","node/3927654629","Сбербанк","atm",30.514585,60.572668
"107","node/3946695769","Кредит Европа Банк","atm",39.8784848,57.6256477
"108","node/3946695772","ОТП Банк","atm",20.5124976,54.7202378
"109","node/3956006357","ВТБ24","atm",30.3790373,60.0443916
"110","node/3965050857","Санкт-Петербург","atm",30.3350986,59.9342802
"111","node/3994299429","Кредит Европа Банк","atm",39.8784848,57.6256477
"112","node/3994299431","Московский индустриальный банк","atm",30.3183422,59.8850856
"113","node/3994299434","РайффайзенБанк","atm",30.3364307,60.0534399
"114","node/3998751022","Сбербанк","atm",30.514585,60.572668
"115","node/4005428970","Санкт-Петербург","atm",30.3350986,59.9342802
"116","node/4013181336","Райффайзенбанк","atm",30.3364307,60.0534399
"117","node/4014164904","Сбербанк","atm",30.514585,60.572668
"118","node/4014164905","Сбербанк","atm",30.514585,60.572668
"119","node/4126632836","Банк Санкт-Петербург","atm",29.7035031,60.2059428
"120","node/4137815846","Банк Санкт-Петербург","atm",29.7035031,60.2059428
"121","node/4174956598","Сбербанк","atm",30.514585,60.572668
"122","node/4179710936","Сбербанк","atm",30.514585,60.572668
"123","node/4179710937","Сбербанк","atm",30.514585,60.572668
"124","node/4184451727","Балтийский банк","atm",33.1068493,68.9692898
"125","node/4184451742","Сбербанк","atm",30.514585,60.572668
"126","node/4184451743","Сбербанк","atm",30.514585,60.572668
"127","node/4188281151","Бинбанк","atm",37.656174,55.744753
"128","node/4318865556","Сбербанк","atm",30.514585,60.572668
"129","node/4331532898","Балтийский банк","atm",33.1068493,68.9692898
"130","node/4331532902","Росбанк","atm",150.8,59.55
"131","node/4361559961","ЮниКредит Банк","atm",-73.975582,40.750784
"132","node/4376021707","Сбербанк","atm",30.514585,60.572668
"133","node/4376021708","Раффайзенбанк","atm",37.571311,55.864856
"134","node/4387700021","Сбербанк","atm",30.514585,60.572668
"135","node/4387700024","Сбербанк","atm",30.514585,60.572668
"136","node/4387700025","ВТБ24","atm",30.3790373,60.0443916
"137","node/4414379289","газпром","atm",-0.1425805,51.5250243
"138","node/463175806","Буквоед","books",33.07197,68.962465
"139","node/487099965","Дом Книги","books",30.3257701,59.93574
"140","node/682344151","Буквоед","books",33.07197,68.962465
"141","node/924092473","ДВК(Дом военной книги)","books",37.512878,55.778802
"142","node/977892470","Дом университетской книги","books",29.8235005,59.8826769
"143","node/1085403077","Дом книги","books",30.3257701,59.93574
"144","node/1109148219","Буквоед","books",33.07197,68.962465
"145","node/1210888361","Порядок слов","books",30.343001,59.936259
"146","node/1211748738","Книжная лавка писателей","books",30.3419401,59.9336691
"147","node/1287116748","Буквоед","books",33.07197,68.962465
"148","node/1304505140","Дом книги","books",30.3257701,59.93574
"149","node/1304505162","Буквоед","books",33.07197,68.962465
"150","node/1304597928","Англия","books",-1.1743197,52.3555177
"151","node/1467655427","Техническая книга","books",30.3063956,59.9104378
"152","node/1569717000","Буквоед","books",33.07197,68.962465
"153","node/1584648429","Книжный окоп","books",30.2885003,59.9450274
"154","node/1584649998","Книжный магазин СПбГУ","books",30.29984,59.943483
"155","node/1735729236","Старая книга","books",30.279761,59.942453
"156","node/1735736445","Все свободны","books",30.321179,59.938922
"157","node/1756320356","Буквоед","books",33.07197,68.962465
"158","node/2283203540","Буквоед","books",33.07197,68.962465
"159","node/2354824651","Магазин комиксов ""Двадцать восьмой""","books",30.341167,59.915249
"160","node/2564725106","Буквоед","books",33.07197,68.962465
"161","node/2588739515","Буквоед","books",33.07197,68.962465
"162","node/2811119743","КнигиПодарки","books",30.3562325,59.9218684
"163","node/3119987122","Буквоед","books",33.07197,68.962465
"164","node/3165417101","Буквоед","books",33.07197,68.962465
"165","node/3235119725","Наука","books",-71.4002038,41.8269128
"166","node/3345681662","Книжный Салон Около Ахматовой","books",30.34783,59.93696
"167","node/3511128407","Lilkko","books",30.3407193,59.934007
"168","node/3632929554","Книги","books",33.0180328,68.8815114
"169","node/3772213338","Иностранная книга","books",37.6226553,55.761902
"170","node/3962508887","Книжный салон","books",30.3341179,59.9334695
"171","node/4158345295","Книжный магазин для детских садов и школ","books",30.3399927,59.9270619
"172","node/4199939598","Подписные издания","books",30.3476565,59.9347409
"173","node/4271097391","Порядок слов","books",30.343001,59.936259
"174","node/4272128589","Северная лира","books",30.3255916,59.9356964
"175","node/4275291289","Республика","books",37.1979387,47.2504502
"176","node/4313117489","Букинист","books",32.0545432,54.7840052
"177","node/4314866089","Книжная лавка","books",20.1833333,54.5666667
"178","node/4350172585","Книга плюс","books",30.31489,59.934952
"179","node/4397121073","Книжный дом","books",30.243945,60.003254
"180","node/4460070654","Буквоед","books",33.07197,68.962465
"181","node/4547740875","Свои Книги","books",30.2858786,59.9443069
"182","node/4690887576","Старая книга","books",30.279761,59.942453
"183","node/4837684856","Старая книга","books",30.279761,59.942453
"184","relation/3267056","20-й Каменноостровский мост","bridge",30.3013,59.9775
"185","relation/3267059","19-й Каменностровский мост","bridge",30.3013,59.9775
"186","relation/3274652","2-й Каменноостровский мост","bridge",30.3013,59.9775
"187","relation/3274653","3-й Каменноостровский мост","bridge",NA,NA
"188","relation/3274654","4-й Каменноостровский мост","bridge",NA,NA
"189","relation/3274655","5-й Каменноостровский мост","bridge",30.3013,59.9775
"190","relation/3274668","6-й Каменноостровский мост","bridge",30.3013,59.9775
"191","relation/3274669","7-й Каменноостровский мост","bridge",30.3013,59.9775
"192","relation/3274677","9-й Каменноостровский мост","bridge",NA,NA
"193","relation/3274685","11-й Каменноостровский мост","bridge",NA,NA
"194","relation/3274686","14-й Каменноостровский мост","bridge",NA,NA
"195","relation/3274694","Каменноостровский мост","bridge",30.3013,59.9775
"196","relation/3276725","Большеохтинский мост","bridge",30.4011827,59.9426538
"197","relation/3283437","Дворцовый мост","bridge",30.3083771,59.9410247
"198","relation/3284878","Благовещенский мост","bridge",30.2893395,59.9347885
"199","relation/3288037","Старо-Калинкин мост","bridge",30.2782238,59.9151652
"200","relation/3289866","2-й Зимний мост","bridge",30.319587,59.9408596
"201","relation/3289868","Эрмитажный мост","bridge",30.3181343,59.9421843
"202","relation/3289877","1-й Зимний мост","bridge",NA,NA
"203","relation/3298017","Восточный Артиллерийский мост","bridge",NA,NA
"204","relation/3298018","Западный Артиллерийский мост","bridge",NA,NA
"205","relation/3298109","Казанский мост","bridge",30.3262,59.9351
"206","relation/3299061","Синий мост","bridge",30.3095707,59.9318103
"207","relation/3300208","Певческий мост","bridge",30.3194,59.94
"208","relation/3312311","Гренадерский мост","bridge",30.3343282,59.9679218
"209","relation/3319947","Горсткин мост","bridge",30.3239,59.924
"210","relation/3319965","Каменный мост","bridge",30.8229435,47.9634755
"211","relation/3782049","Аптекарский мост","bridge",30.3316091,59.9674238
"212","relation/3792026","Петропавловский мост","bridge",30.314163,59.967938
"213","relation/3808074","Прачечный мост","bridge",30.3364,59.9478
"214","relation/3808095","Верхний Лебяжий мост","bridge",NA,NA
"215","relation/3810328","Силин мост","bridge",30.3076466,59.9698081
"216","relation/3819076","Геслеровский мост","bridge",30.304326,59.9694651
"217","relation/3819105","Карповский мост","bridge",43.9459942,56.2510191
"218","relation/3835966","Молодёжный мост","bridge",-76.9649361,38.8898308
"219","relation/3980925","Шлиссельбургский мост","bridge",NA,NA
"220","relation/4074054","Биржевой мост","bridge",30.3033486,59.9463719
"221","relation/4074067","Тучков мост","bridge",30.2876426,59.9464581
"222","relation/4283689","Монастырский мост","bridge",30.3875,59.920556
"223","relation/4283690","мост Обуховской Обороны","bridge",30.4912341,59.8536445
"224","relation/5011811","Ушаковский мост","bridge",30.3002,59.9824
"225","relation/5477979","Большой Крестовский мост","bridge",30.2804,59.967
"226","relation/5478186","Лазаревский мост","bridge",30.2737539,59.9650894
"227","relation/5481148","Большой Петровский мост","bridge",30.2549401,59.9649768
"228","relation/5489278","Египетский мост","bridge",30.2972,59.9169
"229","relation/5489299","Мало-Калинкин мост","bridge",30.2811,59.9168
"230","relation/5517943","1-й Инженерный мост","bridge",30.3377,59.9418
"231","relation/5517944","Пантелеймоновский мост","bridge",30.3383,59.9421
"232","relation/5518584","1-й Садовый мост","bridge",30.3353,59.9411
"233","relation/5518585","Нижний Лебяжий мост","bridge",NA,NA
"234","relation/5519281","2-й Садовый мост","bridge",30.3301,59.9415
"235","relation/5528221","Театральный мост","bridge",30.3288,59.9416
"236","relation/5528222","Мало-Конюшенный мост","bridge",30.3289,59.9418
"237","relation/5528223","Ново-Конюшенный мост","bridge",30.3284,59.9407
"238","relation/5532650","Большой Конюшенный мост","bridge",30.323,59.9421
"239","relation/5536932","Зелёный мост","bridge",30.3196,59.9362
"240","relation/5537127","Итальянский мост","bridge",30.3271609,59.9373215
"241","relation/5537267","Аничков мост","bridge",30.3433832,59.9332424
"242","relation/5551594","Демидов мост","bridge",30.3156762,59.9279099
"243","relation/5552481","Красный мост","bridge",30.3152,59.933
"244","relation/5552508","Матвеев мост","bridge",30.2937572,59.9276942
"245","relation/5552727","Краснофлотский мост","bridge",30.294,59.928
"246","relation/5552728","Поцелуев мост","bridge",38.957841,45.0253232
"247","relation/5553034","Почтамтский мост","bridge",30.3008019,59.9305007
"248","relation/5553262","Фонарный мост","bridge",30.3038,59.9307
"249","relation/5553388","2-й мост Круштейна","bridge",NA,NA
"250","relation/5553389","1-й мост Круштейна","bridge",NA,NA
"251","relation/5553418","Храповицкий мост","bridge",30.2852,59.929
"252","relation/5555211","Кронверкский мост","bridge",30.3091,59.9497
"253","relation/5555259","Иоанновский мост","bridge",30.3225528,59.9524286
"254","relation/5561528","мост Декабристов","bridge",60.6132,56.8235
"255","relation/5574153","Матисов мост","bridge",30.2790237,59.927032
"256","relation/5574842","Уральский мост","bridge",30.265812,59.9507002
"257","relation/5574843","Смоленский мост","bridge",32.041744,54.7721589
"258","relation/5574920","Наличный мост","bridge",NA,NA
"259","relation/5574927","мост Кораблестроителей","bridge",30.2164069,59.9497968
"260","relation/5576714","Шкиперский мост","bridge",30.2263654,59.9306928
"261","relation/5586238","мост Ломоносова","bridge",30.3356,59.9285
"262","relation/5589456","мост Белинского","bridge",30.3433824,59.9380457
"263","relation/5595205","Лештуков мост","bridge",30.3318927,59.926821
"264","relation/5599488","Семёновский мост","bridge",30.3272723,59.9249552
"265","relation/5609523","Головинский мост","bridge",30.3170652,59.9809814
"266","relation/5610475","Ланской мост","bridge",30.3005481,59.9902448
"267","relation/5612073","Карельский мост","bridge",31.4102957,61.7531469
"268","relation/5612839","Обуховский мост","bridge",30.3177,59.9217
"269","relation/5614682","Измайловский мост","bridge",30.3081091,59.9187678
"270","relation/5623958","Предтеченский мост","bridge",NA,NA
"271","relation/5623980","Каретный мост","bridge",30.3600917,59.9143151
"272","relation/5626119","Ново-Кирпичный мост","bridge",NA,NA
"273","relation/5633674","Адмиралтейский мост","bridge",30.3292548,59.9163773
"274","relation/5635584","Банный мост","bridge",30.2811058,59.9231579
"275","relation/5636139","Кокушкин мост","bridge",30.3136,59.9258
"276","relation/5694725","мост Шаумяна","bridge",44.4974372,40.15923
"277","relation/5695081","мост Энергетиков","bridge",40.1776014,44.5325058
"278","relation/5717204","Торговый мост","bridge",49.6626156,58.6181316
"279","relation/5717616","Кашин мост","bridge",37.6123431,57.3518762
"280","relation/5717877","Пикалов мост","bridge",30.298421,59.9208994
"281","relation/5717883","Старо-Никольский мост","bridge",NA,NA
"282","relation/5718472","Красногвардейский мост","bridge",30.2991,59.9211
"283","relation/5720493","Ново-Никольский мост","bridge",30.3029,59.922
"284","relation/5722641","Аларчин мост","bridge",30.2863535,59.9207905
"285","relation/5726159","Могилёвский мост","bridge",30.2932,59.9217
"286","relation/5727580","Смежный мост","bridge",NA,NA
"287","relation/5727608","Красноармейский мост","bridge",30.3017,59.918
"288","relation/5727628","Английский мост","bridge",30.2911946,59.915688
"289","relation/5729069","Коломенский мост","bridge",30.2846,59.9196
"290","relation/5730616","Харламов мост","bridge",30.303,59.9244
"291","relation/5730652","Львиный мост","bridge",30.3013,59.9269
"292","relation/5733414","Подьяческий мост","bridge",30.3056,59.9268
"293","relation/5735441","Вознесенский мост","bridge",30.3081,59.9265
"294","relation/5735504","Сенной мост","bridge",30.3151,59.9265
"295","relation/5737588","Мучной мост","bridge",30.321,59.9311
"296","relation/5737615","Банковский мост","bridge",30.3249488,59.9322124
"297","relation/5758392","Гутуевский мост","bridge",30.236944,59.9025
"298","relation/5759977","мост Степана Разина","bridge",35.7638536,52.6857461
"299","relation/5763989","Варшавский мост","bridge",23.6593361,52.0739512
"300","relation/6028351","Митрофаньевский мост","bridge",NA,NA
"301","relation/6028352","Балтийский мост","bridge",30.28987,59.924931
"302","relation/6031325","Можайский мост","bridge",37.405508,55.72479
"303","relation/6033856","Масляный мост","bridge",30.3247755,59.9100856
"304","relation/6033857","Газовый мост","bridge",NA,NA
"305","relation/6055182","Ипподромный мост","bridge",NA,NA
"306","relation/6165244","Боровой мост","bridge",43.8454745,57.1329295
"307","relation/6309699","Ново-Калинкин мост","bridge",30.2782238,59.9151652
"308","relation/6313704","Борисов мост","bridge",28.5013676,54.2368795
"309","relation/6323715","Таракановский мост","bridge",30.2878187,59.9090485
"310","relation/6332126","Краснооктябрьский мост","bridge",75.8130991,42.5959751
"311","relation/6793935","Троицкий мост","bridge",30.3199926,59.9385828
"312","relation/7160461","Ново-Московский мост","bridge",30.318352,59.908696
"313","way/117802273","мост Александра Невского","bridge",30.3952472,59.9256308
"314","way/117802281","Сампсониевский мост","bridge",30.3375326,59.9579914
"315","way/155557852","Чернореченский мост","bridge",30.3027505,59.9862644
"316","way/242434655","Финляндский железнодорожный мост","bridge",30.4093943,59.9154289
"317","way/275997219","Объездной мост","bridge",39.3470159,48.068465
"318","way/301913985","Шафировский путепровод","bridge",NA,NA
"319","way/305095448","Кантемировский мост","bridge",30.3218894,59.9786615
"320","way/305097474","Литейный мост","bridge",30.3494836,59.9519123
"321","way/305509688","Ждановский мост","bridge",30.2769,59.9583
"322","way/305509759","мост Красного Курсанта","bridge",NA,NA
"323","way/305509975","4-й Ждановский мост","bridge",30.2769,59.9583
"324","way/305511980","Мало-Петровский мост","bridge",30.2716384,59.9609544
"325","way/313195202","Молвинский мост","bridge",NA,NA
"326","way/313792990","Бумажный мост","bridge",30.2639249,59.9045165
"327","way/317510030","Рузовский мост","bridge",30.3292548,59.9163773
"328","way/317851870","Грааповский мост","bridge",NA,NA
"329","way/317988563","Казачий мост","bridge",30.3824428,59.9167472
"330","way/317988911","2-й Лаврский мост","bridge",NA,NA
"331","way/351258243","Барочный мост","bridge",30.2887595,59.9686689
"332","way/368503777","2-й Елагин мост","bridge",30.258,59.9756
"333","way/368506891","3-й Елагин мост","bridge",30.2542,59.9826
"334","way/369108197","Мало-Крестовский мост","bridge",NA,NA
"335","way/369563617","1-й Елагин мост","bridge",30.2718,59.9774
"336","way/371333709","Атаманский мост","bridge",NA,NA
"337","way/377600199","Долгоруков мост","bridge",NA,NA
"338","way/377665076","2-й Парковый мост","bridge",NA,NA
"339","way/379706825","Малоохтинский мост","bridge",30.4011827,59.9426538
"340","way/379793101","Комаровский мост","bridge",30.410751,59.9426658
"341","way/385890383","Бердов мост","bridge",-76.243945,40.1021616
"342","way/386219560","Ново-Андреевский мост","bridge",37.5776334,55.7136747
"343","way/386533487","Екатерингофский мост","bridge",30.2619339,59.9127387
"344","way/387166319","Сутугин мост","bridge",30.269121,59.9024324
"345","way/390905574","1-й Лаврский мост","bridge",NA,NA
"346","way/391285895","Ново-Каменный мост","bridge",-0.5629021,44.8384162
"347","way/418476076","Старообрядческий мост","bridge",30.363539,59.905024
"348","relation/1258391","Петро Палас","hotel",30.311295,59.93486
"349","relation/1531887","Кортъярд Марриотт","hotel",30.279765,59.948858
"350","relation/1572096","Штиль 11-46","hotel",30.2710075,59.943522
"351","relation/1598177","Октябрьская","hotel",39.8062015,46.2813143
"352","relation/1913415","Courtyard Marriott Pushkin Hotel","hotel",30.285481,59.918615
"353","relation/2327132","Ambassador","hotel",-87.9418074,43.0390627
"354","relation/2536515","Гайот","hotel",30.313599,59.971853
"355","relation/2557157","Отель Парк Крестовский","hotel",30.230811,59.974077
"356","relation/3077276","Four Seasons Hotel Lion Palace","hotel",30.3073733,59.9352319
"357","relation/3107676","Астория","hotel",-123.8312534,46.1878841
"358","relation/3132624","Москва","hotel",37.6172999,55.755826
"359","relation/3216007","Охтинская","hotel",30.4086723,59.9489437
"360","relation/3288249","Отель ""Санкт-Петербург""","hotel",NA,NA
"361","relation/3296503","1001 ночь","hotel",-73.9556927,40.5830469
"362","relation/4166299","Sokos Hotel (Palace bridge)","hotel",30.2939323,59.9449047
"363","relation/4501022","Avenue-Apart","hotel",30.3144142,59.9778887
"364","relation/5374656","Домина Престиж","hotel",30.304237,59.930975
"365","way/22940311","Наука","hotel",-71.4002038,41.8269128
"366","way/22983277","ЛДМ-Отель","hotel",30.2865547,59.9711806
"367","way/22985406","Мармара","hotel",27.6175084,40.6227441
"368","way/23156513","Спутник","hotel",44.7271429,43.0365616
"369","way/23243627","Пекинский сад","hotel",30.414795,59.923961
"370","way/23243652","Наутилус Инн","hotel",30.417699,59.922172
"371","way/23247957","Карелия","hotel",32.9905552,63.1558702
"372","way/24544281","Выборгская","hotel",30.347499,59.971054
"373","way/28692267","Андерсен Отель","hotel",30.307626,59.973304
"374","way/28713380","Империя парк","hotel",30.354812,59.961498
"375","way/29054561","Lancaster Court","hotel",-118.1379041,34.6471131
"376","way/49861780","Англетер","hotel",30.3087181,59.9336901
"377","way/50730740","Mary Hotel","hotel",30.309145,59.957962
"378","way/51450714","Камея","hotel",-98.8081188,33.8578744
"379","way/55967385","Адмиралтейская","hotel",30.3149079,59.9358717
"380","way/61588514","Петервилль","hotel",30.3526407,59.9230197
"381","way/61909172","Эрмитаж","hotel",30.3145597,59.9398317
"382","way/69741391","Ренессанс Балтик","hotel",30.304509,59.932678
"383","way/72115089","Alexander House","hotel",-77.0326697,38.996342
"384","way/83385273","отель ""Введенский""","hotel",30.3032647,59.9597262
"385","way/91957866","Статский Советникъ","hotel",30.3318809,59.9222736
"386","way/95108386","Jazz Club Hotel","hotel",30.3390469,59.9231671
"387","way/99677525","Счастливый Пушкин","hotel",30.287821,59.932403
"388","way/101290356","Эмеральд Гранд Отель","hotel",30.3711158,59.9356336
"389","way/112574443","Апайда","hotel",30.261742,59.9426757
"390","way/115017892","Регина","hotel",-104.6188943,50.4452112
"391","way/116527201","Red Stars","hotel",NA,NA
"392","way/156154273","Аглая Кортъярд","hotel",30.351665,59.922583
"393","way/171470570","Орбита","hotel",91.5027264,53.6868465
"394","way/181614412","Балтия","hotel",37.0860825,55.7797461
"395","way/193403424","Амстердам","hotel",4.8951679,52.3702157
"396","way/427989621","Меркурий","hotel",31.0217112,59.9590267
"397","node/60070837","Indigo","hotel",-77.0022302,38.9022603
"398","node/252622395","Полюстрово","hotel",30.387139,59.974752
"399","node/258121945","Le Vashoff Hotel","hotel",30.287289,59.966718
"400","node/258371163","Radisson SAS Royal","hotel",12.5638179,55.6749137
"401","node/258371903","Невский Палас","hotel",30.3507513,59.9320372
"402","node/331861226","Старый город","hotel",18.6104998,53.0121152
"403","node/343488241","S Novotel San Petesburgo","hotel",30.3558457,59.9335481
"404","node/487101584","Гранд Отель Европа","hotel",30.330477,59.93549
"405","node/525400567","Central-Inn","hotel",-118.2563163,34.0093983
"406","node/622968314","Пушка ИНН","hotel",30.320667,59.940949
"407","node/635721919","Стоуни Айленд","hotel",30.3283262,59.9317638
"408","node/652406793","Астери","hotel",76.7956825,17.9851935
"409","node/762198012","ТОАЗ","hotel",49.4646183,53.4746693
"410","node/762199660","Манифест","hotel",15.2886874,-4.3793209
"411","node/773932428","На Садовой","hotel",30.3095495,59.9235677
"412","node/803916867","Астерия","hotel",30.328776,59.926385
"413","node/805518968","MDK","hotel",79.82127,7.9080663
"414","node/806509589","Талион Империал отель","hotel",30.3186877,59.9359145
"415","node/808071484","Стоуни Айлэнд","hotel",30.3283262,59.9317638
"416","node/819235263","Dolce Vita","hotel",-95.3874611,29.744694
"417","node/824522445","Rinaldi","hotel",-76.9194785,38.9645181
"418","node/900755093","Vera","hotel",NA,NA
"419","node/906792296","На Мучном","hotel",30.324842,59.930009
"420","node/906792307","Общежитие гостиничного типа при РГПУ Герцена","hotel",30.3227306,59.9330046
"421","node/910855180","Hotel Park Lion Bridge","hotel",30.3002936,59.9267379
"422","node/932107939","Cronwell Inn Стремянная","hotel",30.3530131,59.9309151
"423","node/932107941","Гельвеция","hotel",30.35392,59.929586
"424","node/940623429","Русь","hotel",19.9708637,53.8355972
"425","node/951472041","Васильевскiй островъ","hotel",30.2517737,59.9428789
"426","node/963944169","Sokos Hotel Васильевский","hotel",30.2824898,59.9374581
"427","node/968499251","Art-Hotel Trezzini","hotel",30.283608,59.940084
"428","node/977470271","Новые комнаты","hotel",30.3684343,59.9293615
"429","node/977470305","Solo Hotel","hotel",110.817021,-7.568388
"430","node/977470374","Соната на Большом","hotel",30.306114,59.9618939
"431","node/981686108","Гена","hotel",0.16294,46.914918
"432","node/981686134","Евразия","hotel",68.8319005,45.4506875
"433","node/999492864","Династия","hotel",30.255799,60.006775
"434","node/1014149386","Ibis","hotel",-122.0542111,36.9566633
"435","node/1138749511","Коллонтай","hotel",36.5320236,55.0312015
"436","node/1163349570","Кемпински","hotel",6.150876,46.210182
"437","node/1186915571","Гранд-Холл","hotel",-75.7027737,39.7164008
"438","node/1247185615","Братья Карамазовы","hotel",30.341754,59.922365
"439","node/1260603682","Светлана","hotel",29.9625646,60.0934967
"440","node/1260603683","Лебёдушка","hotel",35.901655,56.8684717
"441","node/1285208845","Premiere","hotel",-96.336595,30.675938
"442","node/1286773777","Suzor","hotel",-82.9840747,42.3041235
"443","node/1287941057","Ра","hotel",20.6160755,43.2896004
"444","node/1288225593","Golden Garden","hotel",-122.402325,47.689707
"445","node/1288225594","Aston","hotel",-75.4257325,39.8648194
"446","node/1288238563","Невский маяк","hotel",30.3534908,59.9324299
"447","node/1288238565","Агни","hotel",76.4685995,16.5658683
"448","node/1288238568","Эдельвейс","hotel",113.3217319,52.1403333
"449","node/1288238582","Nevskiy 98","hotel",30.354991,59.932065
"450","node/1304505037","Nevsky 90","hotel",30.352272,59.932393
"451","node/1304505090","2nd Court Yard","hotel",-122.3968584,37.7858988
"452","node/1304505157","Примавера","hotel",-69.25,-52.716667
"453","node/1304505185","Анабель","hotel",30.3516465,59.933245
"454","node/1304505202","Vesta","hotel",-95.4163965,44.5077348
"455","node/1304587303","Времена года","hotel",37.4874249,55.7317726
"456","node/1304587310","Октавиана","hotel",30.347513,59.933168
"457","node/1304587340","Красный терем","hotel",30.3467651,59.9330629
"458","node/1304587418","Piterskaya","hotel",30.34706,59.9330865
"459","node/1304587473","Nevsky 74","hotel",30.3464867,59.9334821
"460","node/1320550032","На Спортивной","hotel",30.2979054,59.9520676
"461","node/1320897784","Питер","hotel",30.3350986,59.9342802
"462","node/1322273173","Матисов Домик","hotel",30.2800703,59.9249077
"463","node/1416248704","Park Inn by Radisson Nevsky ","hotel",30.364298,59.930021
"464","node/1422754866","Демидов мост","hotel",30.3156762,59.9279099
"465","node/1425736643","Sweet Dreams","hotel",-83.3616233,42.5778717
"466","node/1447263729","М-отель","hotel",30.334204,59.93294
"467","node/1520110813","Морской Вокзал","hotel",30.2351809,59.9265303
"468","node/1535559058","Аве Цезарь","hotel",30.322441,59.937505
"469","node/1535559069","Невский Отель Астер","hotel",30.3216927,59.9376051
"470","node/1572967775","Crowne Plaza - Ligovsky","hotel",30.358421,59.927864
"471","node/1600293869","Casa Leto","hotel",30.312004,59.933424
"472","node/1606309200","W St. Petersburg","hotel",30.3091443,59.9350403
"473","node/1637538953","Cronwell Inn","hotel",30.3530131,59.9309151
"474","node/1669784425","Алекс Отель","hotel",30.2192851,60.0064635
"475","node/1761230779","Goodrest","hotel",-1.868284,52.4139633
"476","node/1761230780","SkyОтель","hotel",92.873047,55.979161
"477","node/1761230781","Бельведер-Невский","hotel",30.322027,59.936596
"478","node/1761230785","Гостевой Центр Корона","hotel",30.32464,59.936725
"479","node/1761230788","Дворы Капеллы","hotel",30.3222848,59.9399794
"480","node/1761230792","Золотой Треугольник","hotel",30.3229862,59.9368899
"481","node/1761230808","Бригит","hotel",30.4320173,59.9333261
"482","node/1761230809","Невский Гранд Отель","hotel",30.323332,59.937855
"483","node/1761230810","Невский Делюкс Отель","hotel",30.3226503,59.9363363
"484","node/1766594697","Вероника","hotel",-94.9783414,29.3684491
"485","node/1766594700","Воланд Апартаменты","hotel",30.3596481,59.9541963
"486","node/1766594710","Норд Хаус","hotel",37.547402,55.881928
"487","node/1776034400","B&B Pio","hotel",12.458652,41.9039305
"488","node/1776034401","Атлантика","hotel",-95.0138776,41.4036007
"489","node/1776034403","Грифон","hotel",-73.8319338,45.624057
"490","node/1783114995","Мэрибель","hotel",30.3215683,59.932049
"491","node/1786947889","Чёрная речка","hotel",30.2970422,59.9898098
"492","node/1828899715","Наука","hotel",-71.4002038,41.8269128
"493","node/1832890206","Moyka 5","hotel",30.3265059,59.9427102
"494","node/1832890215","3 моста","hotel",30.326887,59.94277
"495","node/1843245657","Традиция","hotel",30.4747541,59.7654777
"496","node/1930527107","Околица","hotel",27.7565757,54.054942
"497","node/2080004417","Гостиница ТЭЦ-7","hotel",30.2464355,59.9236263
"498","node/2118471451","Гоголь","hotel",37.6622192,55.7623591
"499","node/2166439504","Green Apple Hotel","hotel",108.3292833,15.8870909
"500","node/2173165965","Castle","hotel",-112.7632429,48.188534
"501","node/2173607317","Allen House","hotel",-93.1583145,44.4601106
"502","node/2262765008","Ра Невский 44","hotel",30.333041,59.934795
"503","node/2262897259","Северный модерн","hotel",30.289494,59.963909
"504","node/2271816242","Лиговский 44","hotel",30.3584758,59.9260345
"505","node/2272563042","Самсонов отель","hotel",30.318454,59.9149638
"506","node/2283447468","Demetra Art Hotel","hotel",30.3603684,59.9434958
"507","node/2283839311","Solo Hotel","hotel",110.817021,-7.568388
"508","node/2284497995","Арт-Отель Моховая","hotel",30.344152,59.941954
"509","node/2290810210","Маршал","hotel",-94.3674184,32.5448714
"510","node/2370678431","Дворец Трезини","hotel",30.2880217,59.9369831
"511","node/2405443809","Dream House","hotel",-74.0048227,40.7184638
"512","node/2405751006","Колумб","hotel",26.0206511,53.132603
"513","node/2405751007","Петровский Двор","hotel",30.309762,59.928713
"514","node/2407215422","Герцен Хаус","hotel",30.3127921,59.934105
"515","node/2407215423","Комфорт","hotel",-98.9050337,29.967715
"516","node/2407250624","Смольнинская","hotel",30.389214,59.946981
"517","node/2429982964","Арт-Отель Радищев","hotel",30.363335,59.939874
"518","node/2447420795","Петровский","hotel",37.5100201,54.1853916
"519","node/2447924769","Аврора","hotel",30.337833,59.9554045
"520","node/2504521536","Старая деревня","hotel",30.2550932,59.9880455
"521","node/2520113500","Искра","hotel",38.3841618,56.5253252
"522","node/2536037319","Арт-отель Рахманинов","hotel",30.322444,59.933485
"523","node/2585195424","Sonata","hotel",-117.7738099,33.6654696
"524","node/2588739517","Мини отель ""Атмосфера""","hotel",30.290346,59.955943
"525","node/2595232579","Респекталь","hotel",30.35492,59.940383
"526","node/2599613912","Martin","hotel",-80.4103957,27.0804935
"527","node/2624826979","Петербургская сказка","hotel",30.362875,59.938867
"528","node/2661794892","Росси и СПА","hotel",30.335552,59.929063
"529","node/2782036457","Невский Двор","hotel",30.352423,59.930014
"530","node/2814784415","Гермес","hotel",-96.8063816,32.83523
"531","node/2861371835","На Саперном","hotel",30.3573204,59.9408791
"532","node/2922210501","Капитал Отель","hotel",30.3214717,59.9290225
"533","node/2927035510","Лиготель","hotel",30.358981,59.928839
"534","node/2939784368","Meridian Hotel","hotel",-122.4031008,37.7864234
"535","node/2958665200","Nordic","hotel",-75.6626185,41.1083757
"536","node/2961371988","Мини-отель Петроградский","hotel",30.290346,59.955943
"537","node/2974761150","Greenwich","hotel",-0.0076589,51.4825766
"538","node/2974761165","Пять вечеров","hotel",30.3601786,59.9380783
"539","node/2978840045","Невский берег","hotel",30.364347,59.930793
"540","node/2980109553","Акдениз","hotel",34.7077665,36.8688237
"541","node/2980109554","Берёзка","hotel",53.3658119,56.8232343
"542","node/2980109555","Север","hotel",-94.2743628,34.0346222
"543","node/2980148376","A'Liva","hotel",39.7055577,54.6287132
"544","node/2980183954","Old Flat","hotel",30.36901,59.938956
"545","node/2980183955","Геральда","hotel",30.3547948,59.926885
"546","node/2992111545","Alliance","hotel",-81.1059309,40.9153362
"547","node/2992205088","Береста","hotel",30.3667125,59.9351932
"548","node/2992205090","Суворовъ","hotel",37.618106,55.780902
"549","node/3066710581","Мини-отель Библиотека","hotel",39.895077,59.227329
"550","node/3090172222","Литейный","hotel",30.3494836,59.9519123
"551","node/3143680395","Старая Вена","hotel",30.6397374,50.2608584
"552","node/3143724661","Холстомеръ","hotel",30.375194,59.928933
"553","node/3143786634","Невский 150","hotel",30.373175,59.928755
"554","node/3143789914","Заповедник","hotel",-94.6752707,39.1923383
"555","node/3145136513","Апарт отель ""Невский 150""","hotel",30.348409,59.932874
"556","node/3145140259","мини отель Пансион на Сенной","hotel",30.316034,59.926843
"557","node/3163681654","Piter House","hotel",30.3591188,59.9307011
"558","node/3204398233","Уют","hotel",38.7092869,56.0192299
"559","node/3429289290","Австрийский Дворик","hotel",30.3664796,59.9448399
"560","node/3590941733","Avent inn","hotel",30.363989,59.930127
"561","node/3625032109","Петроградка","hotel",30.2895668,59.9635148
"562","node/3633026185","Fifth Corner","hotel",-83.776771,42.159365
"563","node/3640500406","Миниотель ИнОтель","hotel",37.6728675,55.720594
"564","node/3658828511","Мини-отель на Лесной","hotel",30.342591,59.98479
"565","node/3774553563","Арбат Норд","hotel",30.351489,59.942049
"566","node/3841309269","Бонжур","hotel",27.5569372,53.910887
"567","node/3942487551","Алые паруса на Фонтанке","hotel",30.324208,59.924699
"568","node/3942487555","Фонтанка 99","hotel",30.321669,59.923712
"569","node/3954003786","1913","hotel",-85.3745274,37.1950477
"570","node/3962508884","Majestic","hotel",-82.0998518,37.5339963
"571","node/4060185663","Nevsky forum","hotel",30.354344,59.931635
"572","node/4085518789","Akyan St-Petersburg","hotel",30.360519,59.935313
"573","node/4128773001","Мини-отель Шевченко 16А","hotel",30.244943,59.931764
"574","node/4144241627","Тучков отель","hotel",30.2774545,59.948148
"575","node/4158558689","Novotel ","hotel",-73.9837987,40.7625249
"576","node/4185025817","Семь кают","hotel",30.2433551,59.9284669
"577","node/4190027914","Big Marine","hotel",-92.8703069,45.1996921
"578","node/4198785535","Невский дом","hotel",30.367664,59.9301486
"579","node/4198886577","Best Western plus Centre Hotel","hotel",30.3602776,59.9308679
"580","node/4207655892","Бутик 1852","hotel",30.3523976,59.9364311
"581","node/4207691339","Бутик 1852","hotel",30.3523976,59.9364311
"582","node/4212900990","Общежитие ОАО МЗ Арсенал","hotel",NA,NA
"583","node/4222280106","Петръ отель","hotel",30.3093684,59.9360522
"584","node/4232300090","На Почтамтской","hotel",30.29927,59.931526
"585","node/4234477297","InBox Capsule Hotel","hotel",30.344264,59.942174
"586","node/4238841290","РА отель","hotel",30.333041,59.934795
"587","node/4243882692","Red Apple","hotel",-120.382424,38.179104
"588","node/4253801994","Station Hotel Z12","hotel",30.3380674,59.9212692
"589","node/4258939791","Sonya Hotel","hotel",12.4956256,41.9000271
"590","node/4265592192","исланд хостел","hotel",121.92661,11.959773
"591","node/4267924036","Polikoff hotel","hotel",30.3404131,59.9338876
"592","node/4271460183","Таврическая","hotel",30.3872391,59.948391
"593","node/4290197017","Бутик-отель Графтио","hotel",30.306457,59.974031
"594","node/4290439691","Лира","hotel",-83.7394346,45.1977898
"595","node/4290460152","Хостел Good Holiday","hotel",30.3180083,59.923094
"596","node/4319515689","Каспий","hotel",50.668945,41.934977
"597","node/4436383281","SH","hotel",-10.0306945,-24.1434812
"598","node/4436874655","Амулет","hotel",30.3135268,59.9360319
"599","node/4472692993","Рапсодия","hotel",29.776984,60.249151
"600","node/4530956102","Отель на Римского-Корсакова","hotel",30.294996,59.92316
"601","node/4538542704","Isaac Hotel","hotel",-6.2533268,53.3500514
"602","node/4538542705","Алмаз","hotel",61.4521789,55.1453986
"603","node/4538542706","Solo","hotel",110.8243272,-7.5754887
"604","node/4557589243","Талисман","hotel",-117.7460544,33.6958632
"605","node/4558532913","Dvor'ы","hotel",30.3704484,59.9287044
"606","node/4567387854","Premiere","hotel",-96.336595,30.675938
"607","node/4567849115","Анкор","hotel",-88.5356146,40.5680898
"608","node/4569655332","Lion","hotel",4.835659,45.764043
"609","node/4572720645","Chao Mama","hotel",30.308548,59.927112
"610","node/4578924278","Гранд Марк","hotel",30.298924,59.9345533
"611","node/4578924279","Невский Бриз","hotel",30.298924,59.9345533
"612","node/4578924281","Алмаз у мостов","hotel",30.2983187,59.9343679
"613","node/4580635693","The Bridge","hotel",-96.7916849,32.7759812
"614","node/4580648425","Катюша","hotel",30.5157092,50.4335826
"615","node/4582332123","Престиж Центр","hotel",30.6239997,50.3931413
"616","node/4582332124","Sonata","hotel",-117.7738099,33.6654696
"617","node/4582332126","Solo Panorama","hotel",-114.0709017,51.1650231
"618","node/4583585344","История","hotel",-74.005793,40.7450576
"619","node/4583690427","Бальзак","hotel",0.145894,45.70912
"620","node/4583690428","Дом Бенуа","hotel",16.3169479,8.9909734
"621","node/4585774820","Мини-отель «Рада»","hotel",30.367639,59.938455
"622","node/4588448694","Априори","hotel",-71.3898871,42.4599946
"623","node/4611248291","Золотой век","hotel",37.6412411,55.7662034
"624","node/4613679649","Лето","hotel",30.3171513,59.819991
"625","node/4635492313","Alexandria","hotel",29.9187387,31.2000924
"626","node/4658629795","Авангард","hotel",30.6141573,46.4676976
"627","node/4690366568","Дом Достоевского","hotel",30.3147291,59.9275276
"628","node/4690381015","Грибоедов хаус","hotel",30.3144943,59.9259814
"629","node/4690887573","Блюз","hotel",-87.648716,41.92788
"630","node/4690887580","Нарджилия","hotel",60.5934016,56.8281375
"631","node/4690887581","Атмосфера","hotel",30.259732,60.0076135
"632","node/4695801594","Станция G73","hotel",30.329736,59.922223
"633","node/4704450952","Аллегро","hotel",-75.2029001,39.9514814
"634","node/4704450959","Капитал","hotel",-83.7903428,43.2478482
"635","node/4704464289","Саквояж","hotel",30.2731069,59.9400482
"636","node/4710899136","Landorff","hotel",30.321095,59.928845
"637","node/4719845411","НашОтель","hotel",30.2700625,59.943889
"638","node/4722760414","Kravt","hotel",13.41186,52.53372
"639","node/4728272673","Мини-отель Речной парк","hotel",30.328471,59.9219821
"640","node/4763175224","Оноре","hotel",142.6787719,50.18968
"641","node/4771204734","Апарт-отель Камара","hotel",NA,NA
"642","node/4803603623","Отель Крыша","hotel",30.347435,59.932215
"643","node/4803639721","Отель 9 Сов","hotel",30.3723294,59.9381495
"644","node/4807287786","Альдебаран","hotel",44.5157023,48.712876
"645","node/4814267434","Solo","hotel",110.8243272,-7.5754887
"646","node/4837684842","Solo","hotel",110.8243272,-7.5754887
"647","node/4846915544","Барокко","hotel",37.035946,55.595485
"648","node/4846915545","Екатерининский","hotel",30.4393668,59.9780548
"649","relation/419489","Российская национальная библиотека","library",30.3357343,59.9335441
"650","relation/1530759","Библиотека Российской академии наук","library",30.2968626,59.9438602
"651","relation/1604296","Президентская библиотека имени Б. Н. Ельцина","library",30.3021769,59.9351079
"652","relation/3801087","Российская национальная библиотека","library",30.3357343,59.9335441
"653","way/56761156","Центральная городская публичная библиотека им. В. В. Маяковского","library",30.343538,59.932322
"654","way/101539846","ЦДГБ им. А.С. Пушкина","library",NA,NA
"655","way/160093054","Центральная районная библиотека имени А. С. Пушкина","library",30.3113069,59.9646312
"656","node/322050447","Библиотека имени В.И. Ленина","library",30.3025215,59.9575718
"657","node/620019791","2-я детская библиотека","library",30.306014,59.95335
"658","node/667322125","Центральная городская детская библиотека имени А. С. Пушкина","library",30.3109181,59.9334026
"659","node/791553107","Библиотека №4","library",31.17031,69.509618
"660","node/829964907","Санкт-Петербургская государственная библиотека для слепых","library",30.2984363,59.960176
"661","node/968478668","Научная библиотека СЗАГС","library",30.2741118,59.9446685
"662","node/968499587","Фундаментальная библиотека им. императрицы Марии Фёдоровны РГПУ им. А. И. Герцена","library",NA,NA
"663","node/968499588","Санкт-Петербургская государственная библиотека для слепых","library",30.2984363,59.960176
"664","node/968504821","Научная библиотека им. М. Горького СПбГУ","library",30.3008272,59.9402387
"665","node/968509206","Библиотека СПбГУИТМО","library",30.2947784,59.9447472
"666","node/968513808","Библиотека СПбГУКИ","library",30.3313932,59.9465971
"667","node/968545966","Научная библиотека СПбГЭУ","library",30.3008272,59.9402387
"668","node/977892489","Библиотека-филиал №2 имени Л.Н. Толстого","library",38.9627015,45.0644032
"669","node/993446116","Детская библиотека имени В. Г. Короленко","library",30.3761595,59.8740582
"670","node/996066153","Библиотека - Филиал №5","library",33.1073002,68.945355
"671","node/1139189200","Дорожная научно-техническая библиотека ОктЖД","library",30.310587,59.908086
"672","node/1140389522","Библиотека РГГМУ","library",30.4083065,59.9214244
"673","node/1140412403","Библиотека СПбГМТУ","library",30.2768922,59.9186506
"674","node/1140438966","Библиотека ГУАП","library",30.2965598,59.9295233
"675","node/1140449935","Библиотека СПбГУТД","library",30.316376,59.934997
"676","node/1140491132","Фундаментальная библиотека СПбГТИ","library",30.3187566,59.9175207
"677","node/1140517274","Библиотека ГУМРФ","library",30.2497818,59.9096691
"678","node/1140518098","Библиотека СПбГУНиПТ","library",30.338033,59.926971
"679","node/1312387839","Старая Коломна","library",30.301765,59.9237778
"680","node/1438264220","Книжная Капелла","library",30.3021682,59.9317533
"681","node/1488478973","Адмиралтейская","library",30.3149079,59.9358717
"682","node/1557141330","Измайловская","library",37.7800242,55.7877027
"683","node/1557141345","Детская библиотека (филиал №14)","library",27.6739578,53.8677349
"684","node/1836168030","Библиотека правовой и экономической литературы","library",NA,NA
"685","node/2173146836","Научно-техническая библиотека ПГУПС","library",30.3163921,59.924111
"686","node/2216518823","Семёновская","library",37.719356,55.7830736
"687","node/2259980885","Бронницкая","library",30.3228825,59.9140306
"688","node/2557306056","Центральная городская библиотека им А.С.Пушкина","library",30.3109181,59.9334026
"689","node/2595736503","Библиотека","library",-73.9822534,40.7531823
"690","node/2631239095","Центральная библиотека им. М.Ю.Лермонтова","library",30.348149,59.94366
"691","node/2652249262","Центральная районная библиотека им. Н. В.Гоголя","library",30.413148,59.948054
"692","node/2754708662","Юношеская библиотека №3 им. Н. Островского","library",30.269385,59.936238
"693","node/2850243973","Библиотека №3 им. О. Берггольц","library",30.41509,59.892462
"694","node/2967574538","Библиотека имени К. А. Тимирязева","library",30.2953553,59.9077352
"695","node/3090173193","Центральная районная библиотека имени М. В. Ломоносова","library",30.23544,59.942762
"696","node/3098248797","Детская библиотека № 8","library",33.0884049,68.8918277
"697","node/3172298966","Филиал №4 ЦГДБ им. А.С. Пушкина","library",30.3109181,59.9334026
"698","node/3212577209","Детская библиотека №6","library",30.2404158,59.9526642
"699","node/3354720828","Библиотека №1 им.Н.Г.Чернышевского","library",30.2375853,59.9481165
"700","node/3699850891","Библиотека Филиал №1","library",39.87806,57.6015468
"701","node/3927654623","Медицинская","library",37.63292,55.773127
"702","node/4363720389","Библиотека № 10 им. С. А. Есенина","library",30.3470212,59.9106859
"703","node/4373247394","Библиотека им.В.В.Маяковского (филиал)","library",30.343538,59.932322
"704","node/4427609686","Университетская библиотека","library",37.540563,55.654586
"705","node/4548921700","Библиотека при институте имени Гёте","library",NA,NA
"706","node/4558482592","Библиотека имени А.С. Грибоедова","library",30.3210945,59.9288449
"707","node/4738084521","СофтБизнес","library",30.3146052,59.895971
"708","node/4739027747","Дом Плеханова","library",30.316579,59.913966
"709","relation/227970","Комендантский дом","museum",30.257379,60.008094
"710","relation/238571","Михайловский замок","museum",30.3380463,59.9399937
"711","relation/969622","Мраморный дворец","museum",30.3266928,59.9451172
"712","relation/1028087","Строгановский дворец","museum",30.320118,59.9357046
"713","relation/1394028","Музей прикладного искусства СПБГХПА им. А. Л. Штиглица","museum",30.340531,59.942946
"714","relation/1426086","Особняк Румянцева","museum",30.2893385,59.9327384
"715","relation/1444351","Кухонный корпус","museum",30.3954577,59.72044
"716","relation/1654922","Литераторские мостки","museum",30.3582223,59.9045286
"717","relation/1839482","Музей городского электрического транспорта Санкт-Петербурга","museum",30.2607292,59.9389041
"718","relation/2420060","Конюшенный корпус","museum",29.9589711,59.8767056
"719","relation/2594678","Великокняжеская усыпальница","museum",NA,NA
"720","relation/2594680","Монетный двор","museum",30.313975,59.94923
"721","relation/2594681","Петропавловский собор","museum",30.3161506,59.9501815
"722","relation/2614475","Русский музей","museum",30.3322212,59.9385918
"723","relation/2614477","Русский музей, Корпус Бенуа","museum",30.3322212,59.9385918
"724","relation/2662030","Гранд Макет Россия","museum",30.330343,59.887986
"725","relation/3207129","Детский музейный центр исторического воспитания","museum",30.354538,60.0011
"726","relation/3213835","Государственный музей истории Санкт-Петербурга","museum",30.3193937,59.9500484
"727","relation/3229838","Исаакиевский собор","museum",30.306485,59.933905
"728","relation/3272566","крейсер Аврора","museum",30.337833,59.9554045
"729","relation/3283438","Ледокол ""Красин""","museum",30.26896,59.927761
"730","relation/3296328","Музей антропологии и этнографии имени Петра Великого Российской Академии наук","museum",30.3045327,59.9414967
"731","relation/3296460","Площадка натурных экспонатов ЦМЖТ","museum",NA,NA
"732","relation/3801086","Музей Анны Ахматовой в Фонтанном доме","museum",30.346936,59.935875
"733","relation/3801099","Константиновский дворец","museum",30.0583188,59.8539229
"734","way/24882049","Музей хлеба","museum",30.360111,59.953599
"735","way/28566728","Зоологический музей Зоологического института РАН","museum",30.305456,59.942373
"736","way/28691649","Музей Камня","museum",30.329128,59.940893
"737","way/28691902","Мастерская М. К. Аникушина","museum",30.296986,59.973207
"738","way/28712275","Домик Петра I","museum",30.3308756,59.9532765
"739","way/30198549","Государственный мемориальный музей А.В. Суворова","museum",30.376488,59.94323
"740","way/33563383","Музей Октябрьской железной дороги","museum",28.3595981,57.804398
"741","way/45966528","Эрарта","museum",30.25139,59.932118
"742","way/50336364","Нарвская застава","museum",30.273615,59.900408
"743","way/55700757","Невская застава","museum",30.460057,59.865712
"744","way/61490767","Музей Арктики и Антарктики","museum",30.3536656,59.9274248
"745","way/61650354","Центральный музей связи имени А.С. Попова","museum",30.3020972,59.9325219
"746","way/73174258","Нарвские ворота","museum",30.27381,59.9009419
"747","way/85426961","Государственный музей политической истории России","museum",30.3247135,59.9545898
"748","way/87095910","Музей петербургского авангарда","museum",30.3123477,59.9708927
"749","way/89411479","Петербургский музей кукол","museum",30.259531,59.947285
"750","way/96456040","Культурный центр ""Новый акрополь""","museum",37.6289234,55.7704855
"751","way/96827443","Музей обороны и блокады Ленинграда","museum",30.3408422,59.9444098
"752","way/100820382","Фрейлинский корпус","museum",30.2626884,59.9802601
"753","way/101539869","Музей военного костюма","museum",30.3670753,59.9336899
"754","way/123243367","Юсуповский дворец","museum",30.2987481,59.9294352
"755","way/133084707","Подводная лодка С-189","museum",30.275509,59.932189
"756","way/133197139","Д-2 «Народоволец»","museum",30.2336316,59.9331742
"757","way/153266804","Ми-24А","museum",-79.8766899,35.9558706
"758","way/181423909","Дом садовника Бука","museum",NA,NA
"759","way/181423910","Кавалерский корпус","museum",37.682866,55.616879
"760","way/181423911","Каменные кладовые","museum",NA,NA
"761","way/216655164","Меншиковский дворец","museum",30.295545,59.9395254
"762","way/235984453","Российский этнографический музей","museum",30.3343929,59.9378311
"763","way/309796655","Государственный Эрмитаж (Главный штаб Восточное крыло)","museum",30.318684,59.939034
"764","way/362189089","Музей уличного искусства","museum",30.4528653,59.9612505
"765","node/311367818","Музей-Институт Семьи Рерихов","museum",30.2720118,59.9316295
"766","node/501596014","Музей космонавтики и ракетной техники","museum",30.321431,59.951817
"767","node/507091461","Музей-квартира Федора Михайловича Достоевского","museum",37.610425,55.783523
"768","node/649424601","Музей изобретателя радио А.С. Попова","museum",30.322581,59.971926
"769","node/659405364","Музей подводных сил РФ","museum",30.3988103,59.982767
"770","node/805518386","Галерея Академии Художеств","museum",30.2352051,59.9354742
"771","node/878883764","Центральный музей железнодорожного транспорта","museum",30.31356,59.924412
"772","node/910855198","Музей искусства Санкт-Петербурга XX-XXI веков","museum",30.300083,59.926502
"773","node/932959256","Государственный Эрмитаж","museum",30.3145597,59.9398317
"774","node/973600021","Ботанический музей БИН","museum",30.3227968,59.9712007
"775","node/979037130","Новый музей","museum",30.2795288,59.9426801
"776","node/1076656524","Фондохранилище Государственного Эрмитажа ""Старая Деревня""","museum",30.2633761,59.9894019
"777","node/1186298549","Военно-медицинский музей","museum",30.3252002,59.9211009
"778","node/1295102291","Музейно-выставочный центр Петербургский Художник","museum",30.2944541,59.9276304
"779","node/1340880457","Дворец великого князя Алексея Александровича","museum",30.2837181,59.927975
"780","node/1383043649","Государственный музей городской скульптуры","museum",30.3848738,59.9232873
"781","node/1428589170","Музей истории фотографии","museum",30.3124444,59.9714643
"782","node/1431722815","Историко-технический Музей","museum",30.3765965,60.0072465
"783","node/1432837187","Музей-квартира Л.Н.Гумилева.","museum",30.354897,59.9266
"784","node/1438259722","Музей истории религии","museum",30.301679,59.931539
"785","node/1439033025","Музей-квартира А. А. Блока","museum",30.28253,59.923736
"786","node/1480118259","Музей Г.Р. Державина","museum",30.310242,59.918912
"787","node/1486061637","Военно-исторический музей артиллерии, инженерных войск и войск связи","museum",30.3137684,59.954076
"788","node/1515211295","Музей В.В. Набокова","museum",30.3048085,59.9319241
"789","node/1521311711","Музей тюрьмы Трубецкого бастиона","museum",30.313554,59.9487
"790","node/1584652254","Музей почвоведения имени В. В. Докучаева","museum",30.3032629,59.9438854
"791","node/1600107141","Музей блокады Ленинграда","museum",30.3408422,59.9444098
"792","node/1757659336","Музей гигиены","museum",30.3373177,59.935842
"793","node/1886744437","Музей Сновидений Фрейда","museum",30.294393,59.95525
"794","node/1938706048","Музей Петербургского метрополитена","museum",30.2350912,59.9482903
"795","node/1938744254","Музей оптики","museum",30.2951406,59.9443711
"796","node/2077592243","Музей истории профессионального образования","museum",30.346521,59.921313
"797","node/2086001201","Музей-квартира Н. А. Римского-Корсакова","museum",30.340942,59.924587
"798","node/2181181342","Музей художественного стекла","museum",11.1650234,50.478337
"799","node/2203236493","Музей-квартира А. С. Пушкина","museum",30.3211817,59.9412067
"800","node/2385986746","Центральный военно-морской музей","museum",30.293371,59.930145
"801","node/2407181729","Музей варежки","museum",30.3104122,59.9323758
"802","node/2407188222","РОСФОТО","museum",30.3104659,59.9332686
"803","node/2408103305","Музей живых бабочек","museum",30.3424675,59.9232235
"804","node/2458376942","Музей циркового искусства","museum",30.341129,59.938576
"805","node/2458380092","Музей истории института экспериментальной медицины","museum",30.304532,59.974455
"806","node/2462663672","МузЭрос","museum",NA,NA
"807","node/2661549863","Музей Кофе","museum",30.3624904,59.9494629
"808","node/2736309107","Республика кошек","museum",30.3013764,59.9331213
"809","node/2749608159","Музей-квартира И.И. Бродского","museum",30.329246,59.937512
"810","node/2753380594","Музей советских игровых автоматов","museum",30.3267047,59.9400536
"811","node/2943366165","Санкт-Петербургский Музей Игрушки","museum",30.300424,59.969833
"812","node/2958398085","Дом-музей Ф. И. Шаляпина","museum",37.583263,55.7565632
"813","node/3328712097","ЛабиринтУм","museum",30.3156711,59.965223
"814","node/3345679795","Музей музыки (филиал Санкт-Петербургского государственного музея театрального и музыкального искусства)","museum",30.336697,59.93104
"815","node/3388171250","Музей граммофонов и фонографов","museum",30.3128326,59.9637657
"816","node/3425666979","Центральный научно-исследовательский геологоразведочный музей им. ак. Ф.Н. Чернышева","museum",30.2630895,59.9383568
"817","node/3514231814","Музей книги блокадного города (Библиотека №5)","museum",30.334706,59.863212
"818","node/3514312991","Музейная экспозиция «Три века Петергофской дороги»","museum",NA,NA
"819","node/3514337018","Анна Ахматова. Серебряный век.","museum",30.268082,59.868313
"820","node/3514428815","Музей истории и техники Акционерного общества ""Кировский завод""","museum",30.2628162,59.878314
"821","node/3514435965","Музей истории Северного проектно-конструкторского бюро","museum",30.2440047,59.8765097
"822","node/3514490193","Усадьба ""Кирьяново""","museum",30.2662331,59.885992
"823","node/3514508479","Музей отечественной киноаппаратуры","museum",30.3643938,59.8879345
"824","node/3514533236","Истоки жизни-Невская застава","museum",30.460057,59.865712
"825","node/3514545041","Музей Императорского фарфорового завода","museum",30.446667,59.879699
"826","node/3514714653","Музей Нонконформистского Искусства","museum",30.359125,59.929071
"827","node/3514716689","Церковно-археологический музей","museum",38.13005,56.311309
"828","node/3514729546","Музей истории милиции Культурного центра ГУ МВД","museum",30.3710046,59.9271684
"829","node/3514768827","Музей-квартира актеров Самойловых","museum",30.3506678,59.9311319
"830","node/3514832003","Музей становления демократии в современной России им. Анатолия Собчака","museum",30.344676,59.932809
"831","node/3514877238","Музей восковых фигур","museum",-50.848745,-29.360972
"832","node/3514883282","Музей-фотосалон Карла Буллы","museum",30.3362966,59.9343343
"833","node/3514891976","Русский Левша","museum",30.340672,59.935359
"834","node/3514938223","Музей смеха «Трикстер»","museum",30.356829,59.93573
"835","node/3514944614","Музей шляпного мастера","museum",30.362241,59.93392
"836","node/3514951221","Музей-квартира Аллилуевых","museum",30.381507,59.936163
"837","node/3515072703","Историко-мемориальный музей ""Смольный""","museum",30.3965706,59.946251
"838","node/3515113872","Музей путешественника П. К. Козлова","museum",30.394373,59.944719
"839","node/3515151744","Музей истории телефона","museum",30.378769,59.949319
"840","node/3515167998","Центр истории парламентаризма","museum",30.3758841,59.9478564
"841","node/3517104639","Музей-квартира Н.А.Некрасова","museum",30.3486526,59.9394207
"842","node/3517140970","Музей-квартира М.М. Зощенко","museum",30.3261522,59.9380099
"843","node/3517244102","Музей печати","museum",30.3199653,59.9382669
"844","node/3517287656","Петровская Акватория","museum",30.3148608,59.9360104
"845","node/3517301262","Музей политической истории России","museum",30.3247135,59.9545898
"846","node/3517314640","Музей Г.В. Старовойтовой","museum",30.310385,59.933361
"847","node/3517320997","Музей Русской Водки","museum",30.2974998,59.9325674
"848","node/3517430230","Музей БГТУ «Военмех»","museum",30.3155303,59.9162945
"849","node/3517443157","Выставочный зал музея Разночинный Петербург","museum",30.322996,59.915829
"850","node/3517469270","Музей истории государственных бумаг","museum",30.291067,59.915387
"851","node/3517514902","Музей-квартира А. И. Куинджи","museum",30.2941401,59.9452584
"852","node/3517542114","Научно-исследовательский музей РАХ","museum",30.290281,59.937479
"853","node/3517552088","Палеонтолого-стратиграфический музей","museum",30.3008212,59.9401842
"854","node/3517569236","Литературный музей","museum",37.6619079,55.748599
"855","node/3517582447","Музей парфюмерии","museum",37.5885643,55.7487255
"856","node/3517587744","Музей повседневной культуры Ленинграда 1945-1965 гг.","museum",30.2830924,59.9424915
"857","node/3518920451","Музей школы Карла Мая","museum",30.2693269,59.9398834
"858","node/3519288139","Музей С. М. Кирова","museum",30.313799,59.962307
"859","node/3519376807","Музей-квартира Елизаровых","museum",30.294967,59.965685
"860","node/3519393646","Искусство веера","museum",30.303923,59.974975
"861","node/3519457351","Народный музей истории Санкт-Петербургской региональной организации Всероссийского общества слепых","museum",30.300489,59.960433
"862","node/3567020589","Музей ГАИ","museum",30.3359914,60.0006589
"863","node/3567071823","Музей-театр ""Мультисказка""","museum",30.421159,59.982188
"864","node/3702115194","Музей Фаберже","museum",30.3428811,59.9347205
"865","node/3812886328","Историческая верфь ""Полтава""","museum",30.16659,59.986593
"866","node/3932750026","Мир воды Санкт-Петербурга","museum",30.374794,59.9490364
"867","node/3932750027","Мультимедийный комплекс ""Подземный мир Санкт-Петербурга""","museum",30.374794,59.9490364
"868","node/3937153654","Мультимедийно-выставочный комплекс ""Вселенная воды""","museum",30.374794,59.9490364
"869","node/3962381548","Музей театрального и музыкального искусства","museum",30.336697,59.93104
"870","node/4164254789","Океанариум","museum",-118.1969808,33.7621488
"871","node/4171192716","Орудия пыток средневековья","museum",30.316451,59.948912
"872","node/4199861068","Сад Райских Птичек ""Миндо""","museum",30.3424675,59.9232235
"873","node/4244873389","Сад бабочек","museum",30.3424675,59.9232235
"874","node/4350026300","Тело человека","museum",30.325226,59.940276
"875","node/4350030891","Музей истории Летнего сада","museum",30.33569,59.944988
"876","node/4351678492","Музей иллюзий","museum",37.5927034,55.7505954
"877","node/4355358793","Музей-театр анимации ""Тарабум""","museum",30.387865,59.946653
"878","node/4371565792","Охта Lab","museum",30.4178401,59.9402504
"879","node/4377032712","Истории энергетики Северо-Запада России","museum",NA,NA
"880","node/4429970120","Музей старинного инструмента","museum",28.6701322,50.2949671
"881","node/4436516898","Лабиринт страха","museum",30.3128809,59.9367743
"882","node/4436516899","Зеркальный лабиринт","museum",30.3125753,59.9368237
"883","node/4437884665","Музей иллюзий","museum",37.5927034,55.7505954
"884","node/4437884666","Сад бабочек","museum",30.3424675,59.9232235
"885","node/4578562732","А музы не молчали…","museum",30.2800096,59.9266735
"886","node/4585332933","Музей христианской культуры в Санкт-Петербурге","museum",30.301679,59.931539
"887","node/4590740289","Музей Эмоций","museum",30.3275196,59.9367626
"888","node/4609809897","Музей логистики","museum",30.2492569,59.9218494
"889","node/4686789035","Разночинный Петербург","museum",30.3274664,59.9234132
"890","node/4695707277","Разночинный Петербург","museum",30.3274664,59.9234132
"891","node/4740804291","Музей истории пивоварения","museum",30.265942,59.911904
"892","relation/359832","Малоохтинский парк","park",-118.3255647,34.0985259
"893","relation/1410677","сад Маршала Говорова","park",-118.3255647,34.0985259
"894","relation/1434538","парк Сосновка","park",-118.3255647,34.0985259
"895","relation/1443040","Благовещенский сад","park",-118.3255647,34.0985259
"896","relation/1445800","Центральный парк культуры и отдыха имени С. М. Кирова","park",-118.3255647,34.0985259
"897","relation/1582734","Таврический сад","park",-118.3255647,34.0985259
"898","relation/1604351","Александровский сад","park",-118.3255647,34.0985259
"899","relation/1770781","Сад Аничкова дворца","park",-118.3255647,34.0985259
"900","relation/1773211","Полюстровский парк","park",-118.3255647,34.0985259
"901","relation/1798291","сад Сан-Галли","park",-118.3255647,34.0985259
"902","relation/1800805","сад на Неве","park",-118.3255647,34.0985259
"903","relation/1806689","сквер Галины Старовойтовой","park",-118.3255647,34.0985259
"904","relation/1806731","Некрасовский сад","park",-118.3255647,34.0985259
"905","relation/1809901","Польский сад","park",-118.3255647,34.0985259
"906","relation/1948570","Берёзовый сад","park",-118.3255647,34.0985259
"907","relation/1948607","сад-партер Смольного","park",-118.3255647,34.0985259
"908","relation/1948609","сад дома Пеля","park",-118.3255647,34.0985259
"909","relation/1967027","сад Олимпия","park",-118.3255647,34.0985259
"910","relation/2050448","Воронихинский сквер","park",-118.3255647,34.0985259
"911","relation/2149266","Удельный парк","park",-118.3255647,34.0985259
"912","relation/2149267","Удельный парк","park",-118.3255647,34.0985259
"913","relation/2163883","сад Бенуа","park",-118.3255647,34.0985259
"914","relation/2186244","парк имени 300-летия Санкт-Петербурга","park",-118.3255647,34.0985259
"915","relation/2189605","Старо-Манежный сад","park",-118.3255647,34.0985259
"916","relation/2207279","Юсуповский сад","park",-118.3255647,34.0985259
"917","relation/2294342","парк Екатерингоф","park",-118.3255647,34.0985259
"918","relation/2413491","сквер Красного Курсанта","park",-118.3255647,34.0985259
"919","relation/2569945","Приморский парк Победы","park",-118.3255647,34.0985259
"920","relation/2607161","сад имени 30-летия Октября","park",-118.3255647,34.0985259
"921","relation/2614476","Михайловский сад","park",-118.3255647,34.0985259
"922","relation/2653740","Летний сад","park",-118.3255647,34.0985259
"923","relation/2744211","Пушкарский сад","park",-118.3255647,34.0985259
"924","relation/2832420","Новоорловский лесопарк","park",-118.3255647,34.0985259
"925","relation/2864744","сад Смольного собора","park",-118.3255647,34.0985259
"926","relation/2870003","Биржевой сквер","park",-118.3255647,34.0985259
"927","relation/2878061","сквер Маневича","park",-118.3255647,34.0985259
"928","relation/2879253","Сад Веры Слуцкой","park",-118.3255647,34.0985259
"929","relation/2909244","парк Строителей","park",-118.3255647,34.0985259
"930","relation/2917370","парк Тихий отдых","park",-118.3255647,34.0985259
"931","relation/2917380","Муринский парк","park",-118.3255647,34.0985259
"932","relation/2921991","Петровский парк","park",-118.3255647,34.0985259
"933","relation/3019072","сад Фонтанного дома","park",-118.3255647,34.0985259
"934","relation/3019867","сад Смольного собора","park",-118.3255647,34.0985259
"935","relation/3110157","Театральный сквер","park",-118.3255647,34.0985259
"936","relation/3110172","Провиантский сквер","park",-118.3255647,34.0985259
"937","relation/3110173","Успенский сквер","park",-118.3255647,34.0985259
"938","relation/3144817","Брестский парк","park",-118.3255647,34.0985259
"939","relation/3277181","Румянцевский сад","park",-118.3255647,34.0985259
"940","relation/3290836","Никольский сад","park",-118.3255647,34.0985259
"941","relation/3296312","Александровский парк","park",-118.3255647,34.0985259
"942","relation/3757135","сад Салтыкова-Щедрина","park",-118.3255647,34.0985259
"943","relation/3793464","Любашинский сад","park",-118.3255647,34.0985259
"944","relation/4100083","Вавиловский сквер","park",-118.3255647,34.0985259
"945","relation/4104444","Большой Рыбацкий сквер","park",-118.3255647,34.0985259
"946","relation/4137307","Обуховский сквер","park",-118.3255647,34.0985259
"947","relation/4176125","Семёновский сквер","park",-118.3255647,34.0985259
"948","relation/4657403","Виноградовский сквер","park",-118.3255647,34.0985259
"949","relation/4828118","Князь-Владимирский сквер","park",-118.3255647,34.0985259
"950","relation/5622070","парк Лесотехнической Академии","park",-118.3255647,34.0985259
"951","relation/5760892","Матвеевский сквер","park",-118.3255647,34.0985259
"952","relation/5925062","Выборгский сад","park",-118.3255647,34.0985259
"953","relation/5993442","Сквер Лидии Клемент","park",-118.3255647,34.0985259
"954","relation/6085195","парк Малиновка","park",-118.3255647,34.0985259
"955","relation/6125865","сад Девятого Января","park",-118.3255647,34.0985259
"956","relation/6282307","Строгановский парк","park",-118.3255647,34.0985259
"957","way/6513777","Кропоткинский сквер","park",-118.3255647,34.0985259
"958","way/16237335","парк Декабристов","park",-118.3255647,34.0985259
"959","way/16960629","Камский сад","park",-118.3255647,34.0985259
"960","way/19803880","Площадь Ленина","park",-118.3255647,34.0985259
"961","way/20033341","парк Есенина","park",-118.3255647,34.0985259
"962","way/22983254","сквер Шевченко","park",-118.3255647,34.0985259
"963","way/23013488","Новосибирский сквер","park",-118.3255647,34.0985259
"964","way/23076273","Исаакиевский сквер","park",-118.3255647,34.0985259
"965","way/23076417","сад Зимнего дворца","park",-118.3255647,34.0985259
"966","way/23094526","парк имени Бабушкина","park",-118.3255647,34.0985259
"967","way/23243126","Заневский парк","park",-118.3255647,34.0985259
"968","way/23308108","Пионерский парк","park",-118.3255647,34.0985259
"969","way/23346201","Кировский сквер","park",-118.3255647,34.0985259
"970","way/23349916","Опочининский сад","park",-118.3255647,34.0985259
"971","way/23349917","Шкиперский сад","park",-118.3255647,34.0985259
"972","way/23349921","Вяземский сад","park",-118.3255647,34.0985259
"973","way/23649849","Ломоносовский сад","park",-118.3255647,34.0985259
"974","way/23772140","Полюстровский сад","park",-118.3255647,34.0985259
"975","way/26654054","сад Андрея Петрова","park",-118.3255647,34.0985259
"976","way/26654056","сквер Низами","park",-118.3255647,34.0985259
"977","way/27037923","сад Александровского лицея","park",-118.3255647,34.0985259
"978","way/27781687","Гренадерский сад","park",-118.3255647,34.0985259
"979","way/27781773","Сампсониевский сад","park",-118.3255647,34.0985259
"980","way/28057341","Литовский сад","park",-118.3255647,34.0985259
"981","way/28273294","сквер Маргелова","park",-118.3255647,34.0985259
"982","way/28473627","сад Василеостровец","park",-118.3255647,34.0985259
"983","way/28670794","Михайловский сквер","park",-118.3255647,34.0985259
"984","way/28683142","Митрополичий сад","park",-118.3255647,34.0985259
"985","way/28691805","Ново-Манежный сквер","park",-118.3255647,34.0985259
"986","way/28691883","Лопухинский сад","park",-118.3255647,34.0985259
"987","way/28893637","Балтийский сад","park",-118.3255647,34.0985259
"988","way/28893951","Екатерининский сквер","park",-118.3255647,34.0985259
"989","way/30506924","Геслеровский сад","park",-118.3255647,34.0985259
"990","way/33229966","Муринский парк","park",-118.3255647,34.0985259
"991","way/34177244","сквер Безбородко","park",-118.3255647,34.0985259
"992","way/34394875","Калинкинский сквер","park",-118.3255647,34.0985259
"993","way/35424379","сквер Тукая","park",-118.3255647,34.0985259
"994","way/35567774","Багратионовский сквер","park",-118.3255647,34.0985259
"995","way/38116784","сад Серебряный Пруд","park",-118.3255647,34.0985259
"996","way/40551206","Долгоозерный парк","park",-118.3255647,34.0985259
"997","way/44718901","Колмовский сад","park",-118.3255647,34.0985259
"998","way/45032941","сад Крупской","park",-118.3255647,34.0985259
"999","way/45106194","Дёминский сад","park",-118.3255647,34.0985259
"1000","way/45234715","Введенский сад","park",-118.3255647,34.0985259
"1001","way/50064784","Ораниенбаумский сад","park",-118.3255647,34.0985259
"1002","way/52078084","Рощинский сад","park",-118.3255647,34.0985259
"1003","way/52381499","Малый Ильинский сад","park",-118.3255647,34.0985259
"1004","way/53501062","Воскресенский сквер","park",-118.3255647,34.0985259
"1005","way/53572194","Весенний сквер","park",-118.3255647,34.0985259
"1006","way/59526297","Подковыровский сад","park",-118.3255647,34.0985259
"1007","way/59997997","сквер Текстильщиков","park",-118.3255647,34.0985259
"1008","way/60945624","Старо-Ленинский сквер","park",-118.3255647,34.0985259
"1009","way/70574633","Измайловский сад","park",-118.3255647,34.0985259
"1010","way/71826543","Сад Троице-Измайловского собора","park",-118.3255647,34.0985259
"1011","way/72987315","сквер Обуховской больницы","park",-118.3255647,34.0985259
"1012","way/73175932","Звенигородский сквер","park",-118.3255647,34.0985259
"1013","way/73176934","Овсянниковский сад","park",-118.3255647,34.0985259
"1014","way/75045347","Пушкинский сквер","park",-118.3255647,34.0985259
"1015","way/80138470","Мартыновский сквер","park",-118.3255647,34.0985259
"1016","way/80343012","сквер Харитонова","park",-118.3255647,34.0985259
"1017","way/83730011","сад Фонтанчик","park",-118.3255647,34.0985259
"1018","way/85733912","Дивенский сад","park",-118.3255647,34.0985259
"1019","way/91225945","Сад дома Вольного экономического общества","park",-118.3255647,34.0985259
"1020","way/91864298","сад Валентина Пикуля","park",-118.3255647,34.0985259
"1021","way/91987000","сад Театра юных зрителей","park",-118.3255647,34.0985259
"1022","way/92866056","Палевский сад","park",-118.3255647,34.0985259
"1023","way/93330289","Дровяной сквер","park",-118.3255647,34.0985259
"1024","way/95991858","сад дома Пашкова","park",-118.3255647,34.0985259
"1025","way/96105610","Сад Екатерининского института","park",-118.3255647,34.0985259
"1026","way/96364629","Молвинский сад","park",-118.3255647,34.0985259
"1027","way/96456049","парк Юннатов","park",-118.3255647,34.0985259
"1028","way/97698917","Большой Ильинский сад","park",-118.3255647,34.0985259
"1029","way/98285122","Дерптский сквер","park",-118.3255647,34.0985259
"1030","way/98573140","Ланской сад","park",-118.3255647,34.0985259
"1031","way/99698266","Алексеевский сад","park",-118.3255647,34.0985259
"1032","way/105580200","сад Динамо","park",-118.3255647,34.0985259
"1033","way/108497496","Кушелевский сквер","park",-118.3255647,34.0985259
"1034","way/108952921","сад дворца Юсуповых","park",-118.3255647,34.0985259
"1035","way/111640487","Академический сад","park",-118.3255647,34.0985259
"1036","way/113957799","Аникушинский сквер","park",-118.3255647,34.0985259
"1037","way/115318448","Казанский сквер","park",-118.3255647,34.0985259
"1038","way/115701411","сквер академика Федора Углова","park",-118.3255647,34.0985259
"1039","way/117114429","сквер Товстоногова","park",-118.3255647,34.0985259
"1040","way/120719644","Воронежский сад","park",-118.3255647,34.0985259
"1041","way/128272690","Пискарёвский парк","park",-118.3255647,34.0985259
"1042","way/129120251","Конногвардейский бульвар","park",-118.3255647,34.0985259
"1043","way/131484429","Заводской сад","park",-118.3255647,34.0985259
"1044","way/131484582","сад Дудко","park",-118.3255647,34.0985259
"1045","way/131485250","сад Ткачей","park",-118.3255647,34.0985259
"1046","way/131485852","Смоленский сад","park",-118.3255647,34.0985259
"1047","way/131486091","сквер ДОСААФ","park",-118.3255647,34.0985259
"1048","way/134638080","Московский сад","park",-118.3255647,34.0985259
"1049","way/134638081","Рождественский сквер","park",-118.3255647,34.0985259
"1050","way/135163219","Армашевский сквер","park",-118.3255647,34.0985259
"1051","way/136918470","Зеленинский сад","park",-118.3255647,34.0985259
"1052","way/140597018","Пионерский сад","park",-118.3255647,34.0985259
"1053","way/142417892","Менделеевский сквер","park",-118.3255647,34.0985259
"1054","way/142419427","сквер Чингиза Айтматова","park",-118.3255647,34.0985259
"1055","way/142516077","Покровский сквер","park",-118.3255647,34.0985259
"1056","way/142683826","сад Кирьяново","park",-118.3255647,34.0985259
"1057","way/143193185","Смоленский сквер","park",-118.3255647,34.0985259
"1058","way/143428761","сад Ивана Фомина","park",-118.3255647,34.0985259
"1059","way/143828654","сквер Мациевича","park",-118.3255647,34.0985259
"1060","way/143828757","парк усадьбы Орловых-Денисовых","park",-118.3255647,34.0985259
"1061","way/143830049","парк Академика Сахарова","park",-118.3255647,34.0985259
"1062","way/143831381","Дмитровский сквер","park",-118.3255647,34.0985259
"1063","way/144941813","Ржевский лесопарк","park",-118.3255647,34.0985259
"1064","way/145671756","сквер Малые Гаванцы","park",-118.3255647,34.0985259
"1065","way/147902351","аллея Журналистов","park",-118.3255647,34.0985259
"1066","way/154991316","сквер Академика Лихачёва","park",-118.3255647,34.0985259
"1067","way/157681063","Ломоносовский сквер","park",-118.3255647,34.0985259
"1068","way/158590791","сквер Столыпина","park",-118.3255647,34.0985259
"1069","way/160780161","Сад Павловского института","park",-118.3255647,34.0985259
"1070","way/177617298","Мега.парк","park",-118.3255647,34.0985259
"1071","way/181417638","Новолитовский сквер","park",-118.3255647,34.0985259
"1072","way/182537874","сквер Виктора Цоя","park",-118.3255647,34.0985259
"1073","way/185784578","Ново-Ждановский сквер","park",-118.3255647,34.0985259
"1074","way/185784584","Старо-Ждановский сквер","park",-118.3255647,34.0985259
"1075","way/192528136","Сад дворца Бобринских","park",-118.3255647,34.0985259
"1076","way/195660586","сквер Эдуарда Хиля","park",-118.3255647,34.0985259
"1077","way/206639567","Кондратьевский сад","park",-118.3255647,34.0985259
"1078","way/211156309","Бестужевский сад","park",-118.3255647,34.0985259
"1079","way/216655341","Сад во дворе дома Яковлевых","park",-118.3255647,34.0985259
"1080","way/217388239","Греческий сквер","park",-118.3255647,34.0985259
"1081","way/231769557","Колпинский сад","park",-118.3255647,34.0985259
"1082","way/231769558","Фруктовый сад","park",-118.3255647,34.0985259
"1083","way/239818878","cад Александра Матросова","park",-118.3255647,34.0985259
"1084","way/249726356","Сад дружбы","park",-118.3255647,34.0985259
"1085","way/252937042","парк Боевого Братства","park",-118.3255647,34.0985259
"1086","way/261805529","Свердловский сад","park",-118.3255647,34.0985259
"1087","way/262872275","Лесопарк ""Оккервиль""","park",-118.3255647,34.0985259
"1088","way/272718167","парк Озеро Долгое","park",-118.3255647,34.0985259
"1089","way/276511942","Калужский сквер","park",-118.3255647,34.0985259
"1090","way/277913282","Приморский сквер","park",-118.3255647,34.0985259
"1091","way/323005081","сад дома Дубянских","park",-118.3255647,34.0985259
"1092","way/336857867","Яблоновский сад","park",-118.3255647,34.0985259
"1093","way/338583308","Ладожский парк","park",-118.3255647,34.0985259
"1094","way/374105919","сад ""Нева""","park",-118.3255647,34.0985259
"1095","way/378124948","Директорский садик","park",-118.3255647,34.0985259
"1096","way/378125182","Сад дома Г.Э. Боссе","park",-118.3255647,34.0985259
"1097","way/378125446","Сад дома П.П. Форостовского","park",-118.3255647,34.0985259
"1098","way/378144212","Головинский сад","park",-118.3255647,34.0985259
"1099","way/378628207","Сад Дома ветеранов сцены им. М. Г. Савиной","park",-118.3255647,34.0985259
"1100","way/378629795","сад Каменоостровского дворца","park",-118.3255647,34.0985259
"1101","way/406456007","летний проект ""Лужайка""","park",-118.3255647,34.0985259
"1102","way/423147148","Сад Владимирского собора","park",-118.3255647,34.0985259
"1103","way/427547500","Марсово поле","park",-118.3255647,34.0985259
"1104","way/460964056","сквер ДОСААФ","park",-118.3255647,34.0985259
"1105","way/462493779","Парк","park",-118.3255647,34.0985259
"1106","way/488630514","Парк","park",-118.3255647,34.0985259
"1107","way/488630515","Парк","park",-118.3255647,34.0985259
"1108","way/488862004","Зелёный пятак","park",-118.3255647,34.0985259
"1109","way/491762967","Аллея Славы","park",-118.3255647,34.0985259
"1110","way/75734497","Волковская","station",30.3574803,59.8960467
"1111","way/337186687","Полюстрово","station",30.387139,59.974752
"1112","node/7535181","Санкт-Петербург - Финляндский","station",30.3423691,59.9580352
"1113","node/21596808","Санкт-Петербург-Главный","station",30.3621967,59.9294918
"1114","node/21683296","Санкт-Петербург - Витебский","station",30.3294997,59.9196753
"1115","node/22325156","Глухоозёрская","station",NA,NA
"1116","node/88802787","Петроградская","station",30.3114971,59.9663842
"1117","node/88803981","Горьковская","station",30.3187327,59.9561338
"1118","node/88833360","Спортивная","station",30.2874045,59.9503059
"1119","node/88833366","Чкаловская","station",37.6597442,55.7561178
"1120","node/91264383","Крестовский остров","station",30.245,59.9711111
"1121","node/92580819","Садовая","station",30.317202,59.926842
"1122","node/94857612","Сенная площадь","station",30.3203509,59.9270523
"1123","node/94858991","Достоевская","station",37.6139712,55.7816328
"1124","node/94877075","Лиговский проспект","station",30.3497371,59.9142305
"1125","node/94877563","Площадь Александра Невского 2","station",30.3834153,59.923613
"1126","node/94890886","Площадь Александра Невского 1","station",30.385402,59.9236
"1127","node/94891390","Новочеркасская","station",30.412077,59.929073
"1128","node/94896142","Ладожская","station",30.439264,59.932501
"1129","node/97036546","Площадь Восстания","station",30.3613813,59.9306744
"1130","node/97049932","Маяковская","station",37.5960546,55.7703912
"1131","node/108028429","Владимирская","station",40.7937125,44.5425096
"1132","node/249299628","Елизаровская","station",30.423741,59.896623
"1133","node/249307183","Гостиный двор","station",30.3315521,59.9336586
"1134","node/249307184","Приморская","station",30.234493,59.948192
"1135","node/249898478","Московские ворота","station",30.3183882,59.8913858
"1136","node/249902972","Фрунзенская","station",37.578633,55.726897
"1137","node/255473383","Санкт-Петербург - Товарный - Витебский","station",30.3425446,59.9043998
"1138","node/265301052","Санкт-Петербург - Ладожский","station",30.4415988,59.9315995
"1139","node/291557399","Невский проспект","station",30.3497868,59.9325367
"1140","node/312393508","Балтийская","station",30.3001131,59.9077095
"1141","node/313475956","Нарвская","station",30.2748633,59.9012142
"1142","node/359711515","Волковская","station",30.3574803,59.8960467
"1143","node/359711518","Обводный канал","station",30.3280173,59.9125512
"1144","node/368492380","Бадаевская","station",30.4502201,59.9177358
"1145","node/395306323","Новый порт","station",72.927307,67.689888
"1146","node/1109163153","Спасская","station",25.7984219,48.2918772
"1147","node/1440436739","Адмиралтейская","station",30.3149079,59.9358717
"1148","node/1669571976","Технологический институт 1","station",30.3184439,59.916238
"1149","node/1669571977","Технологический институт 2","station",30.318338,59.915085
"1150","node/2036827694","Площадь Ленина","station",30.3568942,59.9554418
"1151","node/2036840002","Выборгская","station",30.347499,59.971054
"1152","node/2080777576","Звенигородская","station",30.335564,59.922405
"1153","node/2194446558","Пушкинская","station",37.6039969,55.7653286
"1154","node/2417778283","Санкт-Петербург - Товарный - Московский","station",30.3685882,59.9241812
"1155","node/2434852978","Санкт-Петербург - Балтийский","station",30.2987176,59.9072061
"1156","node/2468455392","Василеостровская","station",30.2799572,59.9434627
"1157","node/4179047476","Чернышевская","station",30.35972,59.944539
"1158","relation/1690283","Мариинский театр","theatre",30.2959974,59.9256452
"1159","relation/2595497","Большая сцена Молодёжного театра на Фонтанке","theatre",30.3131386,59.9190662
"1160","relation/3555514","Балтийский дом","theatre",30.312451,59.955626
"1161","relation/3555515","Мюзик-Холл","theatre",30.3106724,59.9552903
"1162","relation/4094527","Детский музыкальный театр «Карамболь»","theatre",30.294668,59.91521
"1163","relation/6126980","Кукольный театр ""Сказка""","theatre",91.440544,53.718382
"1164","way/23239316","Буфф","theatre",30.4171729,59.9318471
"1165","way/28329128","Концертный зал Мариинского театра","theatre",30.287245,59.925267
"1166","way/28691685","Большой Санкт-Петербургский государственный цирк","theatre",30.3411946,59.9385369
"1167","way/28893849","Александринский театр","theatre",30.336157,59.931785
"1168","way/33195195","Большой драматический театр имени Г. А. Товстоногова","theatre",30.330527,59.927614
"1169","way/34925389","Культурно-досуговый центр ""Южный""","theatre",37.568502,55.406286
"1170","way/35371779","Театр Юных Зрителей имени Александра Александровича Брянцева","theatre",NA,NA
"1171","way/37116265","Культурный центр ""Троицкий""","theatre",30.46592,59.864051
"1172","way/39358614","Каменноостровский театр","theatre",30.2749757,59.9767902
"1173","way/60198696","Театр комедии имени Н. П. Акимова","theatre",30.3378793,59.9342307
"1174","way/62295243","Академическая филармония имени Д. Д. Шостаковича","theatre",30.3316423,59.9359982
"1175","way/66875027","Театр музыкальной комедии","theatre",30.332898,59.9360667
"1176","way/96702283","Учебный театр ""На Моховой""","theatre",30.344739,59.940587
"1177","way/97940443","Театр-студия СПбГУ","theatre",30.286692,59.9301931
"1178","way/99698297","Санкт-Петербургский Дом музыки","theatre",30.2834195,59.9280115
"1179","way/100821444","Эстрадный театр","theatre",30.3156711,59.965223
"1180","way/182876241","Мариинский театр (2-я сцена)","theatre",30.2959974,59.9256452
"1181","way/191472985","Цирк в Автово","theatre",30.264768,59.865217
"1182","way/222751438","Новая сцена Александринского театра","theatre",30.3374872,59.9302663
"1183","way/232857795","Упсала-Цирк","theatre",30.4011403,59.9614278
"1184","way/371896095","Детский музыкальный театр им. Виктора Резникова","theatre",30.23981,59.854929
"1185","node/442971556","Мастерская","theatre",30.4576069,59.8771934
"1186","node/622981715","Государственная академическая капелла Санкт-Петербурга","theatre",30.3209889,59.9399231
"1187","node/800277831","Домино","theatre",-73.9930981,40.726777
"1188","node/811008180","Приют Комендианта","theatre",30.3233463,59.929139
"1189","node/975878430","Русская Антреприза имени Андрея Миронова","theatre",30.312929,59.9659445
"1190","node/981686100","Эра","theatre",3.2583626,43.5912356
"1191","node/986889509","За чёрной речкой","theatre",30.2881905,59.9991072
"1192","node/1021351638","Филармония джазовой музыки","theatre",30.3370063,59.9242372
"1193","node/1059010527","Детский театр ""На Неве""","theatre",30.309157,59.91418
"1194","node/1085329550","Комедианты","theatre",30.358528,59.926224
"1195","node/1086375549","Дворец Культуры имени Ленсовета","theatre",30.309833,59.966983
"1196","node/1137785248","Камерный театр Малыщицкого","theatre",30.360798,59.940099
"1197","node/1286786942","Театр имени Ленсовета","theatre",30.348255,59.930177
"1198","node/1287941042","Интерьерный театр","theatre",30.356523,59.931871
"1199","node/1304979558","Государственная филармония Санкт-Петербурга для детей и юношества","theatre",30.3340761,59.988628
"1200","node/1343656353","Михайловский театр","theatre",30.329148,59.937868
"1201","node/1423737520","Лицедеи","theatre",30.315671,59.965223
"1202","node/1479105103","Театр Дождей","theatre",30.304324,59.917714
"1203","node/1480210979","Домашний театр Г.Р. Державина","theatre",NA,NA
"1204","node/1488474911","Мимигранты","theatre",30.2828979,59.9138623
"1205","node/1574312667","Санктъ-Петербургъ Опера","theatre",30.2926973,59.932972
"1206","node/1770439402","Камерная сцена Театра на Васильевском","theatre",30.2614471,59.9436016
"1207","node/2031474052","Молодёжный театр на Фонтанке","theatre",30.3131386,59.9190662
"1208","node/2190828512","Рок-опера","theatre",30.2872104,59.916979
"1209","node/2197278626","Большой театр Кукол","theatre",30.352045,59.939118
"1210","node/2237500770","Малый Драматический Театр","theatre",30.3450435,59.9302136
"1211","node/2286979848","Таврик","theatre",30.362244,59.9453096
"1212","node/2511585227","Сказкин Дом","theatre",30.300293,60.0052675
"1213","node/2513557376","Театр марионеток им. Е. С. Деммени","theatre",30.335748,59.934441
"1214","node/2549226771","Детский театр драмы","theatre",28.7634797,60.6973943
"1215","node/2576627951","Алеко","theatre",-122.229364,47.429641
"1216","node/2582739996","Бродячая собачка","theatre",30.2573898,59.8732783
"1217","node/2625822500","Театр на Литейном","theatre",30.3478003,59.9371378
"1218","node/2938804622","Особняк","theatre",30.306607,59.97173
"1219","node/3754513846","Шапито Чинизелли","theatre",30.4824076,59.9127126
"1220","node/3791580892","Академический драматический театр имени В. Ф. Комиссаржевской","theatre",30.33501,59.9360399
"1221","node/3791817592","Академическая филармония имени Д. Д. Шостаковича (Малый зал)","theatre",30.3316423,59.9359982
"1222","node/3890055101","Театр кукол «Крошка Арт»","theatre",30.333201,59.9227281
"1223","node/4241754441","КарлсонХаус","theatre",NA,NA
"1224","node/4241764452","КарлсонХаус","theatre",NA,NA
"1225","node/4273130990","Зазеркалье","theatre",30.3439218,59.9294754
"1226","node/4358647214","Скороход","theatre",38.7056847,47.5199602
"1227","node/4374698992","Театр Эстрады им. Аркадия Райкина","theatre",30.3222442,59.9370706
"1228","node/4380614469","Остров","theatre",115.188916,-8.4095178
"1229","node/4442495489","Государственный академический театр балета им Л. Якобсона","theatre",30.3554586,59.9379186
"1230","node/4590706594","УЖАСЫ Петербурга","theatre",30.3389542,59.9189451
"1231","node/4605290091","Задверье","theatre",NA,NA
